No.00001 [D:0x00000002] [L:12],荷物を持って,拿东西
No.00002 [D:0x00000052] [L:24],荷物を持って■悪かったな,拿东西■对不起啊
No.00003 [D:0x000000A2] [L:22],荷物を持って■ごめんね,拿东西■抱歉呐
No.00004 [D:0x000000F2] [L:12],新入生歓迎会,新入学生欢迎会
No.00005 [D:0x00000142] [L:8],太一の声,太一的声音
No.00006 [D:0x00000192] [L:10],青木の嫉妬,青木的嫉妒
No.00007 [D:0x000001E2] [L:6],お開き,开篇
No.00008 [D:0x00000232] [L:16],１年からのお返し,一年级生的回答
No.00009 [D:0x00000282] [L:16],一体なんだろう？,到底是什么？
No.00010 [D:0x000002D2] [L:12],なんだろうか,是什么呢
No.00011 [D:0x00000322] [L:16],なんだろうなぁ～,是什么呢～
No.00012 [D:0x00000372] [L:14],ちょー楽しみっ,超～开心
No.00013 [D:0x000003C2] [L:10],これはぁ！,这是！
No.00014 [D:0x00000412] [L:8],手伝って,帮忙
