No.00001 [D:0x00000002] [L:4],外章
No.00002 [D:0x00000022] [L:14],海に行こう！編
No.00003 [D:0x00000042] [L:12],ビーチバレー
No.00004 [D:0x00000072] [L:4],外章
No.00005 [D:0x00000092] [L:14],海に行こう！編
No.00006 [D:0x000000B2] [L:6],砂の城
No.00007 [D:0x000000E2] [L:4],外章
No.00008 [D:0x00000102] [L:14],海に行こう！編
No.00009 [D:0x00000122] [L:18],必要以上に海を満喫
No.00010 [D:0x00000152] [L:4],外章
No.00011 [D:0x00000172] [L:14],海に行こう！編
No.00012 [D:0x00000192] [L:14],行く気満々だが
No.00013 [D:0x000001C2] [L:4],外章
No.00014 [D:0x000001E2] [L:14],海に行こう！編
No.00015 [D:0x00000202] [L:14],合宿に行きたい
